{"Val AUC 1": 0.733334591499527, "Val Accuracy 1": 0.9037352204322815, "_timestamp": 1665058767.0831892, "_runtime": 107.06463122367859, "Val AUC 2": 0.7873873038556127, "Val Accuracy 2": 0.9108840823173523, "Val AUC 3": 0.7669844494248991, "Val Accuracy 3": 0.9089680314064026, "Val AUC 4": 0.7629276521800827, "Val Accuracy 4": 0.9076730012893677, "_step": 0, "_wandb": {"runtime": 106}}