{"total": 10672412, "class total": 10672412, "Total Loss": 249.8665771484375, "CE Loss": 249.8665771484375, "Accuracy 1": 0.9016918540000916, "Accuracy 2": 0.9156818389892578, "Accuracy 3": 0.9181711673736572, "Accuracy 4": 0.9197754859924316, "Majority Accuracy": 0.8869584202766418, "LR": 0.0009188507069801303, "_timestamp": 1664471772.050198, "_runtime": 2060.8818559646606, "Val Accuracy 1": 0.9028341770172119, "Val Accuracy 2": 0.9121508598327637, "Val Accuracy 3": 0.9104918241500854, "Val Accuracy 4": 0.9093894958496094, "Val Majority Accuracy": 0.8869544863700867, "_step": 900}