{"Val AUC 1": 0.7195647288362701, "Val Accuracy 1": 0.9052546620368958, "_timestamp": 1664416909.641219, "_runtime": 41.74077081680298, "Val AUC 2": 0.7027034369410381, "Val Accuracy 2": 0.8905430436134338, "_step": 0, "_wandb": {"runtime": 41}}