{"total": 9926431, "class total": 9926431, "Total Loss": 388.4703063964844, "CE Loss": 388.4703063964844, "Accuracy 1": 0.9094791412353516, "Accuracy 2": 0.9098342657089233, "Accuracy 3": 0.9126188158988953, "Accuracy 4": 0.6785361170768738, "Majority Accuracy": 0.8873809576034546, "LR": 1.7757716635336524e-06, "_timestamp": 1664321235.4492366, "_runtime": 9204.238720655441, "Val Accuracy 1": 0.9033057689666748, "Val Accuracy 2": 0.9034308791160583, "Val Accuracy 3": 0.9029096961021423, "Val Accuracy 4": 0.6482446789741516, "Val Majority Accuracy": 0.8874304294586182, "_step": 3900, "_wandb": {"runtime": 9420}}