{"total": 9925597, "class total": 9925597, "Total Loss": 526.4002685546875, "CE Loss": 526.4002685546875, "Accuracy 1": 0.8814855217933655, "Accuracy 2": 0.8904802203178406, "Accuracy 3": 0.8337668776512146, "Accuracy 4": 0.5570986866950989, "Majority Accuracy": 0.8874219059944153, "LR": 0.000998327091926393, "_timestamp": 1664312729.6354635, "_runtime": 698.4249475002289, "Val Accuracy 1": 0.8925698399543762, "Val Accuracy 2": 0.8593743443489075, "Val Accuracy 3": 0.8978244662284851, "Val Accuracy 4": 0.5531246662139893, "Val Majority Accuracy": 0.8874304294586182, "_step": 300}