{"Val Accuracy": 0.9003024697303772, "Val Majority Accuracy": 0.8907222151756287, "Val AUC": 0.0033832435276523183, "_timestamp": 1663763118.0057912, "_runtime": 46.2529022693634, "_step": 49, "_wandb": {"runtime": 46}}