{"total": 3307162, "class total": 3307162, "Total Loss": 143.17416381835938, "CE Loss": 143.17416381835938, "Accuracy 1": 0.892661452293396, "Accuracy 2": 0.898674726486206, "Accuracy 3": 0.9005888104438782, "Accuracy 4": 0.6019318103790283, "Majority Accuracy": 0.8874022364616394, "LR": 0.0005880644881600908, "_timestamp": 1664311549.5065691, "_runtime": 2881.2191231250763, "Val Accuracy 1": 0.8925698399543762, "Val Accuracy 2": 0.898408830165863, "Val Accuracy 3": 0.9001774787902832, "Val Accuracy 4": 0.5937166810035706, "Val Majority Accuracy": 0.8874304294586182, "_step": 1000}