{"Val AUC 1": 0.7260565474095069, "Val Accuracy 1": 0.9062848091125488, "_timestamp": 1664380395.8782003, "_runtime": 41.81089639663696, "Val AUC 2": 0.7092877614668384, "Val Accuracy 2": 0.8915804624557495, "_step": 0, "_wandb": {"runtime": 41}}