{"total": 9925597, "class total": 9925597, "Total Loss": 451.7664794921875, "CE Loss": 451.7664794921875, "Accuracy 1": 0.8746995329856873, "Accuracy 2": 0.8916796445846558, "Accuracy 3": 0.8293635845184326, "Accuracy 4": 0.8168340921401978, "Majority Accuracy": 0.8874219059944153, "LR": 0.000998327091926393, "_timestamp": 1664417619.3468957, "_runtime": 686.1187996864319, "_step": 300, "_wandb": {"runtime": 700}}