{"total": 10914757, "class total": 10914757, "Total Loss": 121.6881332397461, "CE Loss": 121.6881332397461, "Accuracy": 0.9011261463165283, "Majority Accuracy": 0.8908646106719971, "AUC": 0.48717784881591797, "LR": 1.621806983154165e-10, "_timestamp": 1663727205.6661317, "_runtime": 5298.598967790604, "Val Accuracy": 0.90028977394104, "Val Majority Accuracy": 0.8906720876693726, "_step": 8000, "_wandb": {"runtime": 5302}}