{"total": 2187163, "class total": 2187163, "Total Loss": 25.27633285522461, "CE Loss": 25.27633285522461, "Accuracy": 0.8991464972496033, "Majority Accuracy": 0.8909714818000793, "AUC": 3.4679622650146484, "LR": 0.00025378190110044607, "_timestamp": 1663721396.521668, "_runtime": 601.5563089847565, "Val Accuracy": 0.8988531827926636, "Val Majority Accuracy": 0.8906720876693726, "_step": 600, "_wandb": {"runtime": 632}}