{"Val AUC 1": 0.7171344249296805, "Val Accuracy 1": 0.9016488790512085, "_timestamp": 1664321588.7286527, "_runtime": 112.05823278427124, "Val AUC 2": 0.6939907644442834, "Val Accuracy 2": 0.9017543196678162, "Val AUC 3": 0.7285365194006697, "Val Accuracy 3": 0.9011436700820923, "Val AUC 4": 0.6810175643053427, "Val Accuracy 4": 0.6506160497665405, "_step": 0, "_wandb": {"runtime": 111}}