{"Val AUC 1": 0.7262338222779708, "Val Accuracy 1": 0.9060861468315125, "_timestamp": 1664414289.4077673, "_runtime": 41.25888419151306, "Val AUC 2": 0.7117490365678493, "Val Accuracy 2": 0.8914873003959656, "_step": 0, "_wandb": {"runtime": 40}}