{"Val AUC 1": 0.7179468357015517, "Val Accuracy 1": 0.8951785564422607, "_timestamp": 1663781835.2646239, "_runtime": 19.94774079322815, "_step": 0, "_wandb": {"runtime": 19}}