{"total": 9926431, "class total": 9926431, "Total Loss": 84.71675872802734, "CE Loss": 84.71675872802734, "Accuracy 1": 0.9198306798934937, "Accuracy 2": 0.9656831622123718, "Accuracy 3": 0.0, "Accuracy 4": 0.0, "Majority Accuracy": 0.8873809576034546, "LR": 1.7757716635336524e-06, "_timestamp": 1664414175.8266897, "_runtime": 2482.335526704788, "Val Accuracy 1": 0.9080572724342346, "Val Accuracy 2": 0.8938581347465515, "Val Accuracy 3": 0.0, "Val Accuracy 4": 0.0, "Val Majority Accuracy": 0.8874304294586182, "_step": 3900, "_wandb": {"runtime": 2532}}