{"Val AUC 1": 0.5004000909332376, "Val Accuracy 1": 0.6035928130149841, "_timestamp": 1663772256.8309054, "_runtime": 42.39603543281555, "Val AUC 2": 0.5032759175260413, "Val Accuracy 2": 0.49987518787384033, "_step": 0, "_wandb": {"runtime": 42}}