{"total": 9926431, "class total": 9926431, "Total Loss": 214.75106811523438, "CE Loss": 214.75106811523438, "Accuracy 1": 0.9107487797737122, "Accuracy 2": 0.929002046585083, "Accuracy 3": 0.930314302444458, "Accuracy 4": 0.9336023926734924, "Majority Accuracy": 0.8873809576034546, "LR": 1.7757716635336524e-06, "_timestamp": 1664390248.7741008, "_runtime": 9829.430398702621, "Val Accuracy 1": 0.901238739490509, "Val Accuracy 2": 0.8969915509223938, "Val Accuracy 3": 0.8937793970108032, "Val Accuracy 4": 0.8940907716751099, "Val Majority Accuracy": 0.8874304294586182, "_step": 3900, "_wandb": {"runtime": 10081}}