{"Val Accuracy": 0.9003250002861023, "Val Majority Accuracy": 0.890684962272644, "Val AUC": 0.4829573929309845, "_timestamp": 1663762341.268516, "_runtime": 78.09232115745544, "_step": 99, "_wandb": {"runtime": 77}}