{"total": 16543965, "class total": 16543965, "Total Loss": 428.2840881347656, "CE Loss": 428.2840881347656, "Accuracy 1": 0.9090167880058289, "Accuracy 2": 0.9119645953178406, "Accuracy 3": 0.9107033610343933, "Accuracy 4": 0.9115113615989685, "Majority Accuracy": 0.8874186873435974, "LR": 6.831308639876347e-10, "_timestamp": 1663770645.85085, "_runtime": 2622.193651199341, "Val Accuracy 1": 16733475, "Val Accuracy 2": 16741553, "Val Accuracy 3": 16745041, "Val Accuracy 4": 16747833, "Val Majority Accuracy": 2063770, "_step": 4000, "Val Accuracy Linear1": 0, "Val Accuracy Linear2": 0, "Val Accuracy Classifier1": 0, "Val Accuracy Classifier2": 0, "_wandb": {"runtime": 2625}}