{"Val AUC 1": 0.5152698391108205, "Val Accuracy 1": 0.8908323645591736, "_timestamp": 1663775079.85624, "_runtime": 42.77410411834717, "Val AUC 2": 0.57378741852477, "Val Accuracy 2": 0.8918731808662415, "_step": 0, "_wandb": {"runtime": 42}}