{"total": 16543965, "class total": 16543965, "Total Loss": 356.238037109375, "CE Loss": 356.238037109375, "Accuracy 1": 0.9106848835945129, "Accuracy 2": 0.9227713942527771, "Accuracy 3": 0.9302718639373779, "Accuracy 4": 0.9392890930175781, "Majority Accuracy": 0.8874186873435974, "LR": 6.831308639876347e-10, "_timestamp": 1665061663.6985052, "_runtime": 2478.283186197281, "Val Accuracy 1": 0.9102477431297302, "Val Accuracy 2": 0.9142270088195801, "Val Accuracy 3": 0.911713182926178, "Val Accuracy 4": 0.9095902442932129, "Val Majority Accuracy": 0.8874304294586182, "_step": 4000, "_wandb": {"runtime": 2479}}