{"total": 10672026, "class total": 10672026, "Total Loss": 453.3808288574219, "CE Loss": 453.3808288574219, "Accuracy 1": 0.8739290833473206, "Accuracy 2": 0.8914428949356079, "Accuracy 3": 0.830024242401123, "Accuracy 4": 0.8188112378120422, "Majority Accuracy": 0.8869561553001404, "LR": 0.000998327091926393, "_timestamp": 1664418384.754767, "_runtime": 693.2492799758911, "_step": 300, "_wandb": {"runtime": 699}}