{"Val AUC 1": 0.750122393698174, "Val Accuracy 1": 0.9084057807922363, "_timestamp": 1665061766.9194105, "_runtime": 76.08634042739868, "Val AUC 2": 0.7951860687667784, "Val Accuracy 2": 0.9119683504104614, "Val AUC 3": 0.7860827472400362, "Val Accuracy 3": 0.9093443155288696, "Val AUC 4": 0.7776670533926593, "Val Accuracy 4": 0.9075127840042114, "_step": 0, "_wandb": {"runtime": 75}}