{"total": 2183504, "class total": 2183504, "Total Loss": 31.7200927734375, "CE Loss": 31.7200927734375, "Accuracy": 0.8874538540840149, "Majority Accuracy": 0.890933096408844, "LR": 0.0005125628140703518, "_timestamp": 1663720155.393, "_runtime": 69.67820286750793, "_step": 100, "_wandb": {"runtime": 96}}