{"total": 10673350, "class total": 10673350, "Total Loss": 89.53694152832031, "CE Loss": 89.53694152832031, "Accuracy 1": 0.9177729487419128, "Accuracy 2": 0.9611344337463379, "Accuracy 3": 0.0, "Accuracy 4": 0.0, "Majority Accuracy": 0.8869158029556274, "LR": 1.7757716635336524e-06, "_timestamp": 1664416794.904491, "_runtime": 2481.7422530651093, "Val Accuracy 1": 0.9065936803817749, "Val Accuracy 2": 0.89227294921875, "Val Accuracy 3": 0.0, "Val Accuracy 4": 0.0, "Val Majority Accuracy": 0.8869544863700867, "_step": 3900, "_wandb": {"runtime": 2534}}