{"total": 9925597, "class total": 9925597, "Total Loss": 451.2835998535156, "CE Loss": 451.2835998535156, "Accuracy 1": 0.8750122785568237, "Accuracy 2": 0.8919953107833862, "Accuracy 3": 0.8300679326057434, "Accuracy 4": 0.818471372127533, "Majority Accuracy": 0.8874219059944153, "LR": 0.000998327091926393, "_timestamp": 1664455421.0476246, "_runtime": 675.1024596691132, "_step": 300, "_wandb": {"runtime": 688}}