{"Val Accuracy": 0.9003485441207886, "Val Majority Accuracy": 0.890684962272644, "Val AUC": 0.4837927222251892, "_timestamp": 1663762494.7464478, "_runtime": 79.51971077919006, "_step": 99, "_wandb": {"runtime": 79}}