{"Val AUC 1": 0.7072525429553222, "Val Accuracy 1": 0.9003292918205261, "_timestamp": 1663770744.2916045, "_runtime": 74.45333862304688, "Val AUC 2": 0.7247247264422352, "Val Accuracy 2": 0.8996476531028748, "Val AUC 3": 0.7236196627595766, "Val Accuracy 3": 0.8996667861938477, "Val AUC 4": 0.7282461421190184, "Val Accuracy 4": 0.8999422788619995, "_step": 0, "_wandb": {"runtime": 74}}