{"total": 16543965, "class total": 16543965, "Total Loss": 265.35235595703125, "CE Loss": 265.35235595703125, "Accuracy 1": 0.8926609754562378, "Accuracy 2": 0.8939548134803772, "Accuracy 3": 0.0, "Accuracy 4": 0.0, "Majority Accuracy": 0.8874186873435974, "LR": 6.831308639876347e-10, "_timestamp": 1663775011.567602, "_runtime": 2609.0590620040894, "Val Accuracy 1": 0.8925698399543762, "Val Accuracy 2": 0.8935936689376831, "Val Accuracy 3": 0.0, "Val Accuracy 4": 0.0, "Val Majority Accuracy": 0.8874304294586182, "_step": 4000, "_wandb": {"runtime": 2612}}