{"total": 9926431, "class total": 9926431, "Total Loss": 213.2418212890625, "CE Loss": 213.2418212890625, "Accuracy 1": 0.9108453989028931, "Accuracy 2": 0.9227929711341858, "Accuracy 3": 0.931479275226593, "Accuracy 4": 0.93499356508255, "Majority Accuracy": 0.8873809576034546, "LR": 1.7757716635336524e-06, "_timestamp": 1664465585.7626996, "_runtime": 8970.448314666748, "Val Accuracy 1": 0.9104318022727966, "Val Accuracy 2": 0.9143542647361755, "Val Accuracy 3": 0.910300612449646, "Val Accuracy 4": 0.9088975191116333, "Val Majority Accuracy": 0.8874304294586182, "_step": 3900, "_wandb": {"runtime": 9186}}