{"total": 2184642, "class total": 2184642, "Total Loss": 25.51811981201172, "CE Loss": 25.51811981201172, "Accuracy": 6.408372428268194e-06, "Majority Accuracy": 0.8908452391624451, "LR": 0.0007530118724916417, "_timestamp": 1663720037.7276163, "_runtime": 353.5229833126068, "Val Accuracy": 0.0, "Val Majority Accuracy": 0.8906720876693726, "_step": 400, "_wandb": {"runtime": 383}}