{"total": 6616591, "class total": 6616591, "Total Loss": 4.9787139892578125, "CE Loss": 4.9787139892578125, "Accuracy 1": 0.9930988550186157, "Majority Accuracy": 0.8874275088310242, "LR": 1.621806983154165e-10, "_timestamp": 1663781795.3753767, "_runtime": 5281.724524736404, "Val Accuracy 1": 0.8977212905883789, "Val Majority Accuracy": 0.8874304294586182, "_step": 8000, "Accuracy 2": 0.0, "Accuracy 3": 0.0, "Accuracy 4": 0.0, "Val Accuracy 2": 0.0, "Val Accuracy 3": 0.0, "Val Accuracy 4": 0.0, "_wandb": {"runtime": 5283}}