{"total": 6618276, "class total": 6618276, "Total Loss": 19.4188289642334, "CE Loss": 19.4188289642334, "Accuracy 1": 0.9617548584938049, "Majority Accuracy": 0.8875048160552979, "LR": 0.0006002961169326603, "_timestamp": 1663778897.8960495, "_runtime": 2384.245197534561, "Val Accuracy 1": 0.8985580801963806, "Val Majority Accuracy": 0.8874304294586182, "_step": 3600, "Accuracy 2": 0.0, "Accuracy 3": 0.0, "Accuracy 4": 0.0, "Val Accuracy 2": 0.0, "Val Accuracy 3": 0.0, "Val Accuracy 4": 0.0}