{"total": 9926431, "class total": 9926431, "Total Loss": 84.89749908447266, "CE Loss": 84.89749908447266, "Accuracy 1": 0.9197133183479309, "Accuracy 2": 0.9654352068901062, "Accuracy 3": 0.0, "Accuracy 4": 0.0, "Majority Accuracy": 0.8873809576034546, "LR": 1.7757716635336524e-06, "_timestamp": 1664380279.60219, "_runtime": 2495.1185750961304, "Val Accuracy 1": 0.9080478549003601, "Val Accuracy 2": 0.8937041759490967, "Val Accuracy 3": 0.0, "Val Accuracy 4": 0.0, "Val Majority Accuracy": 0.8874304294586182, "_step": 3900, "_wandb": {"runtime": 2547}}