{"total": 10672026, "class total": 10672026, "Total Loss": 453.51336669921875, "CE Loss": 453.51336669921875, "Accuracy 1": 0.8727351427078247, "Accuracy 2": 0.891083836555481, "Accuracy 3": 0.8302962183952332, "Accuracy 4": 0.8185995817184448, "Majority Accuracy": 0.8869561553001404, "LR": 0.000998327091926393, "_timestamp": 1664456123.5892015, "_runtime": 636.7641475200653, "_step": 300, "_wandb": {"runtime": 641}}