{"Val Accuracy": 0.8927578330039978, "Val Majority Accuracy": 0, "Val AUC": 0.6332612981622067, "_timestamp": 1663765137.1275904, "_runtime": 26.00619649887085, "_step": 0, "_wandb": {"runtime": 25}}