{"total": 215027, "class total": 215027, "Total Loss": 2.606048107147217, "CE Loss": 2.606048107147217, "Accuracy": 0.8974407911300659, "Majority Accuracy": 0.8908969163894653, "AUC": 0.4381599426269531, "LR": 0.00031758793969849245, "_timestamp": 1663721770.3989003, "_runtime": 294.36044335365295, "Val Accuracy": 0.8975712656974792, "Val Majority Accuracy": 0.8906720876693726, "_step": 60}