{"total": 16544334, "class total": 16544334, "Total Loss": 246.38323974609375, "CE Loss": 246.38323974609375, "Accuracy 1": 0.8974730968475342, "Accuracy 2": 0.8993865251541138, "Accuracy 3": 0.0, "Accuracy 4": 0.0, "Majority Accuracy": 0.8874366283416748, "LR": 0.0008948773235359056, "_timestamp": 1663773052.7466516, "_runtime": 650.2381117343903, "Val Accuracy 1": 0.9000489115715027, "Val Accuracy 2": 0.9005967378616333, "Val Accuracy 3": 0.0, "Val Accuracy 4": 0.0, "Val Majority Accuracy": 0.8874304294586182, "_step": 1000}