{"Val AUC 1": 0.6716558264566241, "Val Accuracy 1": 0.8993518352508545, "_timestamp": 1664390630.6452124, "_runtime": 110.42038941383362, "Val AUC 2": 0.7144433564663174, "Val Accuracy 2": 0.894441545009613, "Val AUC 3": 0.6869400660961064, "Val Accuracy 3": 0.8911523818969727, "Val AUC 4": 0.6821680976154761, "Val Accuracy 4": 0.8918344378471375, "_step": 0, "_wandb": {"runtime": 110}}